Link Name,Center of Mass X,Center of Mass Y,Center of Mass Z,Center of Mass Roll,Center of Mass Pitch,Center of Mass Yaw,Mass,Moment Ixx,Moment Ixy,Moment Ixz,Moment Iyy,Moment Iyz,Moment Izz,Visual X,Visual Y,Visual Z,Visual Roll,Visual Pitch,Visual Yaw,Mesh Filename,Color Red,Color Green,Color Blue,Color Alpha,Collision X,Collision Y,Collision Z,Collision Roll,Collision Pitch,Collision Yaw,Collision Mesh Filename,Material Name,SW Components,Coordinate System,Axis Name,Joint Name,Joint Type,Joint Origin X,Joint Origin Y,Joint Origin Z,Joint Origin Roll,Joint Origin Pitch,Joint Origin Yaw,Parent,Joint Axis X,Joint Axis Y,Joint Axis Z,Limit Effort,Limit Velocity,Limit Lower,Limit Upper,Calibration rising,Calibration falling,Dynamics Damping,Dynamics Friction,Safety Soft Upper,Safety Soft Lower,Safety K Position,Safety K Velocity
BASE_S,-6.35485580699371E-07,2.16055062605477E-10,-0.0441726704968881,0,0,0,2.10582056790267,0.00263941250723897,-4.57839106474437E-10,-1.62755068775407E-10,0.00339519181354718,2.77699397701315E-12,0.00323761687106458,0,0,0,0,0,0,package://T170-V2.1-A0-URDF-A/meshes/BASE_S.STL,1,1,1,1,0,0,0,0,0,0,package://T170-V2.1-A0-URDF-A/meshes/BASE_S.STL,,装配体4^T170-V2.1-A0-1/CRA-RI70-80-PRO(D18)-XX-5;装配体4^T170-V2.1-A0-1/CRA-RI100-120-PRO-XX-2E-A2-不带驱动器-带固定-2;装配体4^T170-V2.1-A0-1/CRA-RI100-120-PRO-XX-2E-A2-不带驱动器-带固定-1;装配体4^T170-V2.1-A0-1/板子-1/V2.0下-2;装配体4^T170-V2.1-A0-1/T170-髋部基板-V2.1-A0-1,zy1,,,,0,0,0,0,0,0,,0,0,0,,,,,,,,,,,,
L_HIP_P_S,0.00717175673929377,0.0395552531233839,1.92327131909309E-06,0,0,0,0.949227177974744,0.00169862024338597,-1.89671997596793E-05,-5.12734906717698E-09,0.00171066691712396,-8.66251086207323E-09,0.0012373803464982,0,0,0,0,0,0,package://T170-V2.1-A0-URDF-A/meshes/L_HIP_P_S.STL,0.898039215686275,0.917647058823529,0.929411764705882,1,0,0,0,0,0,0,package://T170-V2.1-A0-URDF-A/meshes/L_HIP_P_S.STL,,装配体4^T170-V2.1-A0-1/T170-髋部输出盘-V2-A0-1;装配体4^T170-V2.1-A0-1/CRA-RI70-80-PRO(D18)-XX-2;装配体4^T170-V2.1-A0-1/髋部第一关节输出盘-2,zl1,l1,L_HIP_P,revolute,0,0.0945,-0.067,0,0,0,BASE_S,0,1,0,267,5.76,-3.14,3.14,,,,,,,,
L_HIP_R_S,-0.0480076144612253,0.00202022472707164,-0.117142554832679,0,0,0,1.16946432602332,0.00375566868691708,4.66973600152609E-06,-0.000180618416764923,0.00313971129963136,-1.88881440251448E-05,0.00143400665575557,0,0,0,0,0,0,package://T170-V2.1-A0-URDF-A/meshes/L_HIP_R_S.STL,0.898039215686275,0.917647058823529,0.929411764705882,1,0,0,0,0,0,0,package://T170-V2.1-A0-URDF-A/meshes/L_HIP_R_S.STL,,装配体4^T170-V2.1-A0-1/T170-大腿-V2.1-A0-上部副盖-1;装配体4^T170-V2.1-A0-1/T170-大腿-V2.1-A0-上部主体盖-1;装配体4^T170-V2.1-A0-1/CRA-RI80-97-PRO-2-xxx-2E-EC-B0-1;装配体4^T170-V2.1-A0-1/T170-大腿-V2.1-A0-上部主体-1,zl2,l2,L_HIP_R,revolute,0.058,0.044,0,0,0,0,L_HIP_P_S,1,0,0,63,8.06,0,0,,,,,,,,
L_HIP_Y_S,0.00355406870396435,0.008967049394775,-0.172829369430649,0,0,0,1.58649156796753,0.00806407295859787,-1.82757587847132E-05,1.66806234752972E-05,0.00930332765771116,0.000241304518665861,0.00287940894007277,0,0,0,0,0,0,package://T170-V2.1-A0-URDF-A/meshes/L_HIP_Y_S.STL,0.898039215686275,0.917647058823529,0.929411764705882,1,0,0,0,0,0,0,package://T170-V2.1-A0-URDF-A/meshes/L_HIP_Y_S.STL,,装配体4^T170-V2.1-A0-1/T170-大腿-V2.1-A0-下部副盖-1;装配体4^T170-V2.1-A0-1/CRA-RI100-120-PRO-XX-2E-A1-1;装配体4^T170-V2.1-A0-1/T170-大腿-V2.1-A0-下部主体-1,zl3,l3,L_HIP_Y,revolute,-0.058,0,-0.1972,0,0,0,L_HIP_R_S,0,0,-1,121,6.81,-3.14,3.14,,,,,,,,
L_KNEE_P_S,-0.00116793487343096,-0.0582831903657015,-0.124320796355106,0,0,0,2.38718934488747,0.0270685387747252,-5.52225393274702E-06,-0.00197859566165425,0.0290281362294731,0.000570311436806026,0.00324118998322246,0,0,0,0,0,0,package://T170-V2.1-A0-URDF-A/meshes/L_KNEE_P_S.STL,1,1,1,1,0,0,0,0,0,0,package://T170-V2.1-A0-URDF-A/meshes/L_KNEE_P_S.STL,,装配体4^T170-V2.1-A0-1/T170-小腿-V2.1-A0-副壳-1;装配体4^T170-V2.1-A0-1/高通人形机器人-2.0-小腿-7080电机安装壳-1;装配体4^T170-V2.1-A0-1/CRA-RI70-80-PRO(D18)-XX-8;装配体4^T170-V2.1-A0-1/T170A-322-高通-A0-1;装配体4^T170-V2.1-A0-1/T170-小腿-V2.1-A0-1,zl4,l4,L_KNEE_P,revolute,0,0.057,-0.2228,0,0,0,L_HIP_Y_S,0,1,0,267,5.76,-0.83,2.3,,,,,,,,
L_ANKLE_P_S,-0.00645081699001742,-0.0062789674253296,0.00168467021524132,0,0,0,0.167703606469547,4.48984427476759E-05,-1.81724873676759E-07,2.9682350429294E-06,5.51902681628263E-05,4.93106140984832E-08,6.74902389129178E-05,0,0,0,0,0,0,package://T170-V2.1-A0-URDF-A/meshes/L_ANKLE_P_S.STL,0.898039215686275,0.917647058823529,0.929411764705882,1,0,0,0,0,0,0,package://T170-V2.1-A0-URDF-A/meshes/L_ANKLE_P_S.STL,,装配体4^T170-V2.1-A0-1/高通人形机器人-2.0-脚踝旋转轴轴套-1;装配体4^T170-V2.1-A0-1/高通人形机器人-2.0-脚踝旋转连接件-1;装配体4^T170-V2.1-A0-1/脚踝旋转连接轴-1;装配体4^T170-V2.1-A0-1/高通人形机器人-2.0-小腿脚踝拉杆轴-1;装配体4^T170-V2.1-A0-1/6807ZZ-1,zl5,l5,L_ANKLE_P,revolute,-0.032248,-0.058,-0.36859,0,0,0,L_KNEE_P_S,0,-1,0,63,8.06,-1.57,0.314,,,,,,,,
L_ANKLE_R_S,0.0174725598299593,1.37737406785687E-06,-0.0748048243714317,0,0,0,2.30547955478107,0.0018478821320821,6.37752414914753E-08,8.88937222801089E-06,0.0111471037783771,-4.60129604274884E-09,0.0125526438557514,0,0,0,0,0,0,package://T170-V2.1-A0-URDF-A/meshes/L_ANKLE_R_S.STL,0.792156862745098,0.819607843137255,0.933333333333333,1,0,0,0,0,0,0,package://T170-V2.1-A0-URDF-A/meshes/L_ANKLE_R_S.STL,,装配体4^T170-V2.1-A0-1/CRA-RI50-60-PRO-XX-2E-EC-2;装配体4^T170-V2.1-A0-1/高通人形机器人-2.0-小腿脚踝电机轴承座-1;装配体4^T170-V2.1-A0-1/T170A-332-A1-1;装配体4^T170-V2.1-A0-1/8字形脚底板-1;装配体4^T170-V2.1-A0-1/8字形硅胶垫（2.5螺纹孔版本）-1,zl6,l6,L_ANKLE_R,revolute,0.023,0,0,0,0,0,L_ANKLE_P_S,1,0,0,23,10.16,-0.34,0.34,,,,,,,,
R_HIP_P_S,0.0122462745921605,-0.0411621115623663,1.23313542887971E-06,0,0,0,1.48676704490378,0.00213424147885244,1.89661775459739E-05,1.85785442618513E-07,0.00211900592778283,8.73658967976728E-09,0.00164573208981724,0,0,0,0,0,0,package://T170-V2.1-A0-URDF-A/meshes/R_HIP_P_S.STL,0.898039215686275,0.917647058823529,0.929411764705882,1,0,0,0,0,0,0,package://T170-V2.1-A0-URDF-A/meshes/R_HIP_P_S.STL,,装配体4^T170-V2.1-A0-1/T170-髋部输出盘-V2-A0-2;装配体4^T170-V2.1-A0-1/镜向CRA-RI70-80-PRO(D18)-XX1-11;装配体4^T170-V2.1-A0-1/镜向髋部第一关节输出盘-3,zr1,l1,R_HIP_P,revolute,0,-0.0945,-0.067,0,0,0,BASE_S,0,-1,0,267,5.76,-3.14,3.14,,,,,,,,
R_HIP_R_S,-0.0480313408352187,-0.00202839651801476,-0.117142883194797,0,0,0,1.1690893857349,0.00375559382367818,-4.64007035362688E-06,-0.000180606472250827,0.00313961621089373,1.88810191047215E-05,0.00143389554097991,0,0,0,0,0,0,package://T170-V2.1-A0-URDF-A/meshes/R_HIP_R_S.STL,0.898039215686275,0.917647058823529,0.929411764705882,1,0,0,0,0,0,0,package://T170-V2.1-A0-URDF-A/meshes/R_HIP_R_S.STL,,装配体4^T170-V2.1-A0-1/镜向T170-大腿-V2.1-A0-上部主体-2;装配体4^T170-V2.1-A0-1/镜向CRA-RI80-97-PRO-2-xxx-2E-EC-B0-2;装配体4^T170-V2.1-A0-1/镜向T170-大腿-V2.1-A0-上部副盖-2;装配体4^T170-V2.1-A0-1/镜向T170-大腿-V2.1-A0-上部主体盖-2,zr2,r2,R_HIP_R,revolute,0.058,-0.044,0,0,0,0,R_HIP_P_S,1,0,0,63,8.06,0,0,,,,,,,,
R_HIP_Y_S,0.00187698285513687,-0.00735523475783725,-0.196403657870009,0,0,0,3.00561913244211,0.0103377017386071,1.80348122790287E-05,1.64250334645205E-05,0.0116375789691237,-0.000241284885828544,0.00515195414159611,0,0,0,0,0,0,package://T170-V2.1-A0-URDF-A/meshes/R_HIP_Y_S.STL,0.898039215686275,0.917647058823529,0.929411764705882,1,0,0,0,0,0,0,package://T170-V2.1-A0-URDF-A/meshes/R_HIP_Y_S.STL,,装配体4^T170-V2.1-A0-1/镜向T170-大腿-V2.1-A0-下部副盖-2;装配体4^T170-V2.1-A0-1/镜向CRA-RI100-120-PRO-XX-2E-A1-2;装配体4^T170-V2.1-A0-1/镜向T170-大腿-V2.1-A0-下部主体-2,zr3,r3,R_HIP_Y,revolute,-0.058,0,-0.1972,0,0,0,R_HIP_R_S,0,0,-1,121,6.81,-3.14,3.14,,,,,,,,
R_KNEE_P_S,2.09386254669029E-05,0.0539165139456614,-0.121483407499092,0,0,0,3.04544672488691,0.027607667211225,4.92031182971809E-06,-0.00197931747408836,0.029698777581693,-0.000569269428761716,0.00377638520529289,0,0,0,0,0,0,package://T170-V2.1-A0-URDF-A/meshes/R_KNEE_P_S.STL,0.898039215686275,0.917647058823529,0.929411764705882,1,0,0,0,0,0,0,package://T170-V2.1-A0-URDF-A/meshes/R_KNEE_P_S.STL,,装配体4^T170-V2.1-A0-1/镜向高通人形机器人-2.0-小腿-7080电机安装壳-2;装配体4^T170-V2.1-A0-1/镜向T170-小腿-V2.1-A0-2;装配体4^T170-V2.1-A0-1/镜向T170A-322-高通-A0-2;装配体4^T170-V2.1-A0-1/镜向CRA-RI70-80-PRO(D18)-XX1-10;装配体4^T170-V2.1-A0-1/镜向T170-小腿-V2.1-A0-副壳-2,zr4,r4,R_KNEE_P,revolute,0,-0.057,-0.2228,0,0,0,R_HIP_Y_S,0,-1,0,267,5.76,-2.3,0.83,,,,,,,,
R_ANKLE_P_S,-0.00528492868156529,0.00289953770593937,0.00138019828458991,0,0,0,0.204699496975857,7.12665543792915E-05,1.81794401493398E-07,2.96822348773035E-06,5.808391533176E-05,-4.92790809338068E-08,9.38583535223925E-05,0,0,0,0,0,0,package://T170-V2.1-A0-URDF-A/meshes/R_ANKLE_P_S.STL,0.898039215686275,0.917647058823529,0.929411764705882,1,0,0,0,0,0,0,package://T170-V2.1-A0-URDF-A/meshes/R_ANKLE_P_S.STL,,装配体4^T170-V2.1-A0-1/镜向脚踝旋转连接轴-2;装配体4^T170-V2.1-A0-1/镜向高通人形机器人-2.0-脚踝旋转连接件-2;装配体4^T170-V2.1-A0-1/镜向高通人形机器人-2.0-小腿脚踝拉杆轴-2;装配体4^T170-V2.1-A0-1/镜向高通人形机器人-2.0-脚踝旋转轴轴套-2,zr5,r5,R_ANKLE_P,revolute,-0.032248,0.058,-0.36859,0,0,0,R_KNEE_P_S,0,1,0,63,8.06,-0.314,1.57,,,,,,,,
R_ANKLE_R_S,0.0190377174432576,-1.29696624556752E-06,-0.0671446844093834,0,0,0,2.57336258320276,0.00196821370735687,-6.58414478346934E-08,8.88994143135363E-06,0.0112840899535078,4.70056606934798E-09,0.0126902793157154,0,0,0,0,0,0,package://T170-V2.1-A0-URDF-A/meshes/R_ANKLE_R_S.STL,0.898039215686275,0.917647058823529,0.929411764705882,1,0,0,0,0,0,0,package://T170-V2.1-A0-URDF-A/meshes/R_ANKLE_R_S.STL,,装配体4^T170-V2.1-A0-1/镜向高通人形机器人-2.0-小腿脚踝电机轴承座-2;装配体4^T170-V2.1-A0-1/镜向CRA-RI50-60-PRO-XX-2E-EC1-3;装配体4^T170-V2.1-A0-1/镜向T170A-332-A1-2;装配体4^T170-V2.1-A0-1/镜向8字形脚底板-2;装配体4^T170-V2.1-A0-1/镜向8字形硅胶垫（2.5螺纹孔版本）-2,zr6,r6,R_ANKLE_R,revolute,0.023,0,0,0,0,0,R_ANKLE_P_S,1,0,0,23,10.16,-0.34,0.34,,,,,,,,
WAIST_Y_S,-0.0576415801305128,-3.9529371488957E-07,0.0964878696373028,0,0,0,0.846697164224175,0.00147255546346759,-4.06419697231751E-08,0.000393121938226576,0.00186181403811776,1.20416854263443E-08,0.00137629095460387,0,0,0,0,0,0,package://T170-V2.1-A0-URDF-A/meshes/WAIST_Y_S.STL,0.898039215686275,0.917647058823529,0.929411764705882,1,0,0,0,0,0,0,package://T170-V2.1-A0-URDF-A/meshes/WAIST_Y_S.STL,,装配体4^T170-V2.1-A0-1/T170-腰部第二关节基座-V2.1-A0-1;装配体4^T170-V2.1-A0-1/CRA-RI70-80-PRO(D18)-XX-6;装配体4^T170-V2.1-A0-1/6807-2,zy1,y1,WAIST_Y,revolute,0,0,0,0,0,0,BASE_S,0,0,-1,63,8.06,-3.14,3.14,,,,,,,,
WAIST_R_S,0.0459305412524162,0.00271545296850451,-1.57910207354561E-07,0,0,0,0.711895809021155,0.000766625013985811,-3.12217441887871E-06,1.21518534094926E-08,0.000988964214457277,6.57487692797343E-07,0.00076849547769988,0,0,0,0,0,0,package://T170-V2.1-A0-URDF-A/meshes/WAIST_R_S.STL,0.898039215686275,0.917647058823529,0.929411764705882,1,0,0,0,0,0,0,package://T170-V2.1-A0-URDF-A/meshes/WAIST_R_S.STL,,装配体4^T170-V2.1-A0-1/T170-腰部第二关节输出盘-V2.1-A0-1;装配体4^T170-V2.1-A0-1/CRA-RI70-80-PRO(D18)-XX-7;装配体4^T170-V2.1-A0-1/T170-腰部第三关节基座-V2.1-A0-1;装配体4^T170-V2.1-A0-1/6807-3,zy2,y2,WAIST_R,revolute,-0.0495,0,0.127,0,0,0,WAIST_Y_S,1,0,0,63,8.06,-0.61,0.61,,,,,,,,
WAIST_P_S,0.0174603619943072,-0.0465028575728951,0.174237359675011,0,0,0,44.4652782442685,0.645043116258786,-1.71186927957337E-06,-0.0109927998457617,0.589878265892128,-5.93780221077166E-06,0.413735301632217,0,0,0,0,0,0,package://T170-V2.1-A0-URDF-A/meshes/WAIST_P_S.STL,0.898039215686275,0.917647058823529,0.929411764705882,1,0,0,0,0,0,0,package://T170-V2.1-A0-URDF-A/meshes/WAIST_P_S.STL,,装配体4^T170-V2.1-A0-1/T170-腰部第三关节输出-V2.1-A0-1;装配体4^T170-V2.1-A0-1/T170-胸部大盒子-V2.1-A0-1;装配体4^T170-V2.1-A0-1/NSPIC-R006NP+ GMSL(2)-1;装配体4^T170-V2.1-A0-1/135.6-92-212-1;装配体4^T170-V2.1-A0-1/33-38-78-1000mah备用锂电池-1;装配体4^T170-V2.1-A0-1/33-38-78-1000mah备用锂电池-2;装配体4^T170-V2.1-A0-1/T170-胸部电池盖-连接肩膀-V2.1-A0-1;装配体4^T170-V2.1-A0-1/T170-胸前板-V2.1-A0-1;装配体4^T170-V2.1-A0-1/T170-肩膀基座-V2.1-A0-下部-1;装配体4^T170-V2.1-A0-1/CRA-RI40-52-PRO-XX-2E-EC-1;装配体4^T170-V2.1-A0-1/T170-肩膀电机1基座-2.1-A1-1;装配体4^T170-V2.1-A0-1/T170-肩膀电机1基座-2.1-A1-2;装配体4^T170-V2.1-A0-1/CRA-RI70-80-PRO(D18)-XX-3;装配体4^T170-V2.1-A0-1/CRA-RI70-80-PRO(D18)-XX-1;装配体4^T170-V2.1-A0-1/T170-躯干外壳-1,zy3,y3,WAIST_P,revolute,0.0495,0.0465,0,0,0,0,WAIST_R_S,0,1,0,63,8.06,-0.244,0.523,,,,,,,,
L_SHOULDER_P_S,0.0068403437780943,0.0544638572987398,1.29297969442277E-07,0,0,0,0.791866881599117,0.00115650347933582,-3.22764069287171E-05,5.05782203365086E-09,0.000716306661012178,1.74346135180844E-09,0.000834219498285745,0,0,0,0,0,0,package://T170-V2.1-A0-URDF-A/meshes/L_SHOULDER_P_S.STL,0.898039215686275,0.917647058823529,0.929411764705882,1,0,0,0,0,0,0,package://T170-V2.1-A0-URDF-A/meshes/L_SHOULDER_P_S.STL,,装配体4^T170-V2.1-A0-1/T170-肩膀基座电机输出盘-V2.1-A0-2;装配体4^T170-V2.1-A0-1/6807-1;装配体4^T170-V2.1-A0-1/T170-肩膀基座电机输出方形-V2.1-A0-1;装配体4^T170-V2.1-A0-1/CRA-RI70-80-PRO(D18)-XX-4,zsl1,sl1,L_SHOULDER_P,revolute,0.0005,0.0775,0.336,0,0,0,WAIST_P_S,0,1,0,63,8.06,-3.14,3.14,,,,,,,,
L_SHOULDER_R_S,-0.0475135686162526,0.0766420390825375,0.00034965340577231,0,0,0,0.603137928849345,0.00137235603491393,0.000113261182016696,-3.18008379430304E-06,0.000561699640535655,8.49106440544553E-06,0.0011365363483336,0,0,0,0,0,0,package://T170-V2.1-A0-URDF-A/meshes/L_SHOULDER_R_S.STL,0.898039215686275,0.917647058823529,0.929411764705882,1,0,0,0,0,0,0,package://T170-V2.1-A0-URDF-A/meshes/L_SHOULDER_R_S.STL,,装配体4^T170-V2.1-A0-1/T170-肘部-V2.1-A0-上部主体-左-1;装配体4^T170-V2.1-A0-1/CRA-RI60-70-PRO-2-xxx-2E-EC-B1-1;装配体4^T170-V2.1-A0-1/T170-肘部-上部电机固定圈-V2.1-A0-1;装配体4^T170-V2.1-A0-1/T170-肘部-V2.1-A0-上部副盖-左-1;装配体4^T170-V2.1-A0-1/T170-肘部-V2.1-A0-上部主体盖-1,zsl2,sl2,L_SHOULDER_R,revolute,0.054,0.066,0,0,0,0,L_SHOULDER_P_S,1,0,0,63,8.06,-1.57,1.57,,,,,,,,
L_SHOULDER_Y_S,-0.00358334204624763,0.0971279906241896,0.00941451567361229,0,0,0,0.686827640994676,0.0018139183401733,-1.59765604845793E-05,6.39655609324588E-06,0.000521853444260349,-1.28090853757068E-05,0.00201004641777789,0,0,0,0,0,0,package://T170-V2.1-A0-URDF-A/meshes/L_SHOULDER_Y_S.STL,0.898039215686275,0.917647058823529,0.929411764705882,1,0,0,0,0,0,0,package://T170-V2.1-A0-URDF-A/meshes/L_SHOULDER_Y_S.STL,,装配体4^T170-V2.1-A0-1/T170-肘部横滚电机输出盘-V2.1-A0-1;装配体4^T170-V2.1-A0-1/CRA-RI60-70-PRO-2-xxx-2E-EC-B1-2;装配体4^T170-V2.1-A0-1/T170-肘部-V2.1-A0-下部主体-左-1;装配体4^T170-V2.1-A0-1/T170-肘部-V2.1-A0-下部副盖-左-1,zsl3,sl3,L_SHOULDER_Y,revolute,-0.054,0.1395,0,0,0,0,L_SHOULDER_R_S,0,1,0,42,8.59,-3.14,3.14,,,,,,,,
L_ELBOW_Y_S,-0.00125128732723698,0.0699141204665009,-0.0455745668331453,0,0,0,0.440113770645344,0.000725874067998024,-1.29661966992626E-05,3.90042049062957E-06,0.000396372724607192,7.49780703664142E-05,0.000846949670650984,0,0,0,0,0,0,package://T170-V2.1-A0-URDF-A/meshes/L_ELBOW_Y_S.STL,0.792156862745098,0.819607843137255,0.933333333333333,1,0,0,0,0,0,0,package://T170-V2.1-A0-URDF-A/meshes/L_ELBOW_Y_S.STL,,装配体4^T170-V2.1-A0-1/CRA-RI50-60-PRO-XX-2E-EC-1;装配体4^T170-V2.1-A0-1/T170-前臂-上部电机固定圈-V2.1-A0-1;装配体4^T170-V2.1-A0-1/T170-前臂上-V2.1-A0-主体-左-1;装配体4^T170-V2.1-A0-1/T170-前臂上-V2.1-A0-副盖-左-1,zsl4,sl4,L_ELBOW_Y,revolute,0,0.1605,0.051,0,0,0,L_SHOULDER_Y_S,0,0,1,42,8.59,-2.4,0.87,,,,,,,,
L_WRIST_P_S,-2.77469116796166E-05,0.0536563281756229,0.0157815804616954,0,0,0,0.483563211441641,0.000843722857376957,-5.14618379956581E-07,-3.89345236854684E-08,0.000318796462506413,-0.000163574592287468,0.000914002076889802,0,0,0,0,0,0,package://T170-V2.1-A0-URDF-A/meshes/L_WRIST_P_S.STL,0.792156862745098,0.819607843137255,0.933333333333333,1,0,0,0,0,0,0,package://T170-V2.1-A0-URDF-A/meshes/L_WRIST_P_S.STL,,装配体4^T170-V2.1-A0-1/T170-前臂上电机输出端-V2.1-A0-1;装配体4^T170-V2.1-A0-1/T170-手腕电机基座-V2.1-A0-1;装配体4^T170-V2.1-A0-1/CRA-RI40-52-PRO-XX-2E-EC-3;装配体4^T170-V2.1-A0-1/T170-手腕电机基座-电机输出盘-V2.1-A0-1;装配体4^T170-V2.1-A0-1/T170-手腕拉杆-V2.1-A0-1;装配体4^T170-V2.1-A0-1/T170-手腕拉杆-V2.1-A0-2;装配体4^T170-V2.1-A0-1/RB2508-1;装配体4^T170-V2.1-A0-1/T170-前臂下-V2.1-A0-1,zsl5,sl5,L_WRIST_P,revolute,0,0.1281,-0.051,0,0,0,L_ELBOW_Y_S,0,1,0,23,10.16,-3.14,3.14,,,,,,,,
L_WRIST_Y_S,-0.000914653603844531,0.000224238772667307,-0.0393335509305384,0,0,0,0.138983290634294,5.51374428725062E-05,2.15689018224084E-08,1.51216610185444E-06,6.61545708155247E-05,-3.42379084819135E-10,6.25550309878632E-05,0,0,0,0,0,0,package://T170-V2.1-A0-URDF-A/meshes/L_WRIST_Y_S.STL,0.792156862745098,0.819607843137255,0.933333333333333,1,0,0,0,0,0,0,package://T170-V2.1-A0-URDF-A/meshes/L_WRIST_Y_S.STL,,装配体4^T170-V2.1-A0-1/T170-手腕电机壳-V2.1-A0-1;装配体4^T170-V2.1-A0-1/CRA-RI40-52-PRO-XX-2E-EC-2;装配体4^T170-V2.1-A0-1/T170-手腕末端输出盘-V2.1-A0-1,zsl6,sl6,L_WRIST_Y,revolute,9.0984E-05,0.14468,0.0425,0,0,0,L_WRIST_P_S,0,0,1,8.3,12.36,-0.69,0.69,,,,,,,,
L_WRIST_R_S,-0.0160562667833755,0.125671827763092,-0.00546820616144017,0,0,0,0.519030156016185,0.000130990418200752,1.23666198502743E-06,-4.7754296443754E-06,0.000136191345842406,-1.11639032517784E-06,0.000218657180492811,0,0,0,0,0,0,package://T170-V2.1-A0-URDF-A/meshes/L_WRIST_R_S.STL,0.792156862745098,0.819607843137255,0.933333333333333,1,0,0,0,0,0,0,package://T170-V2.1-A0-URDF-A/meshes/L_WRIST_R_S.STL,,装配体4^T170-V2.1-A0-1/T170-手腕输出-V2.1-A0-2;LH-01 五指手左手--1,zsl7,sl7,L_WRIST_R,revolute,0.030909,0.00022307,-0.0415,0,0,0,L_WRIST_Y_S,1,0,0,8.3,12.36,-2.35,0.348,,,,,,,,
R_SHOULDER_P_S,0.0106189038887583,-0.0591794055849743,1.62659293367895E-07,0,0,0,1.33918926658688,0.00159633127157324,3.2276191732035E-05,-1.62876657606602E-09,0.0011267848143055,6.21517646713722E-10,0.00124470260060182,0,0,0,0,0,0,package://T170-V2.1-A0-URDF-A/meshes/R_SHOULDER_P_S.STL,0.898039215686275,0.917647058823529,0.929411764705882,1,0,0,0,0,0,0,package://T170-V2.1-A0-URDF-A/meshes/R_SHOULDER_P_S.STL,,装配体4^T170-V2.1-A0-1/T170-肩膀基座电机输出盘-V2.1-A0-1;装配体4^T170-V2.1-A0-1/镜向CRA-RI70-80-PRO(D18)-XX-10;装配体4^T170-V2.1-A0-1/镜向6807-4;装配体4^T170-V2.1-A0-1/镜向T170-肩膀基座电机输出方形-V2.1-A0-2,zsr1,sr1,R_SHOULDER_P,revolute,0.0005,-0.1705,0.336,0,0,0,WAIST_P_S,0,-1,0,63,8.06,-3.14,3.14,,,,,,,,
R_SHOULDER_R_S,-0.0475166731343852,-0.0766408917112731,0.000347754816060863,0,0,0,0.603210975137173,0.00137243216202161,-0.000113249608250803,-3.18949663292002E-06,0.000561764083640556,-8.50056577037457E-06,0.00113658270513287,0,0,0,0,0,0,package://T170-V2.1-A0-URDF-A/meshes/R_SHOULDER_R_S.STL,0.898039215686275,0.917647058823529,0.929411764705882,1,0,0,0,0,0,0,package://T170-V2.1-A0-URDF-A/meshes/R_SHOULDER_R_S.STL,,装配体4^T170-V2.1-A0-1/镜向T170-肘部-V2.1-A0-上部副盖-左-2;装配体4^T170-V2.1-A0-1/镜向CRA-RI60-70-PRO-2-xxx-2E-EC-B1-3;装配体4^T170-V2.1-A0-1/镜向T170-肘部-上部电机固定圈-V2.1-A0-2;装配体4^T170-V2.1-A0-1/镜向T170-肘部-V2.1-A0-上部主体-左-2;装配体4^T170-V2.1-A0-1/镜向T170-肘部-V2.1-A0-上部主体盖-2,zsr2,sr2,R_SHOULDER_R,revolute,0.054,-0.066,0,0,0,0,R_SHOULDER_P_S,1,0,0,63,8.06,-1.57,1.57,,,,,,,,
R_SHOULDER_Y_S,-0.00358661617861904,-0.0971298655114787,0.00940708631136911,0,0,0,0.686867726924879,0.00181377453435617,1.59736290933231E-05,6.34804658160651E-06,0.000521859949507861,1.28043607335525E-05,0.0020100098237689,0,0,0,0,0,0,package://T170-V2.1-A0-URDF-A/meshes/R_SHOULDER_Y_S.STL,0.898039215686275,0.917647058823529,0.929411764705882,1,0,0,0,0,0,0,package://T170-V2.1-A0-URDF-A/meshes/R_SHOULDER_Y_S.STL,,装配体4^T170-V2.1-A0-1/镜向T170-肘部横滚电机输出盘-V2.1-A0-2;装配体4^T170-V2.1-A0-1/镜向T170-肘部-V2.1-A0-下部副盖-左-2;装配体4^T170-V2.1-A0-1/镜向CRA-RI60-70-PRO-2-xxx-2E-EC-B1-4;装配体4^T170-V2.1-A0-1/镜向T170-肘部-V2.1-A0-下部主体-左-2,zsr3,sr3,R_SHOULDER_Y,revolute,-0.054,-0.1395,0,0,0,0,R_SHOULDER_R_S,0,-1,0,42,8.59,-3.14,3.14,,,,,,,,
R_ELBOW_Y_S,-0.000782451892867457,-0.0790778298895778,-0.0475982375108956,0,0,0,0.702527738320081,0.000861690129003096,1.29407587600689E-05,3.89007701537447E-06,0.000515443056312776,-7.49445070072219E-05,0.000982730168278475,0,0,0,0,0,0,package://T170-V2.1-A0-URDF-A/meshes/R_ELBOW_Y_S.STL,0.898039215686275,0.917647058823529,0.929411764705882,1,0,0,0,0,0,0,package://T170-V2.1-A0-URDF-A/meshes/R_ELBOW_Y_S.STL,,装配体4^T170-V2.1-A0-1/镜向T170-前臂上-V2.1-A0-副盖-左-2;装配体4^T170-V2.1-A0-1/镜向CRA-RI50-60-PRO-XX-2E-EC-3;装配体4^T170-V2.1-A0-1/镜向T170-前臂-上部电机固定圈-V2.1-A0-2;装配体4^T170-V2.1-A0-1/镜向T170-前臂上-V2.1-A0-主体-左-2,zsr4,sr4,R_ELBOW_Y,revolute,0,-0.1605,0.051,0,0,0,R_SHOULDER_Y_S,0,0,1,42,8.59,-0.87,2.4,,,,,,,,
R_WRIST_P_S,-3.63866729405992E-06,-0.0514349046543172,0.0147456582381658,0,0,0,0.81014242258913,0.001096485365539,1.70722891278517E-08,8.12079888163587E-08,0.000458891166525095,0.000168708800446485,0.00117581476083559,0,0,0,0,0,0,package://T170-V2.1-A0-URDF-A/meshes/R_WRIST_P_S.STL,0.898039215686275,0.917647058823529,0.929411764705882,1,0,0,0,0,0,0,package://T170-V2.1-A0-URDF-A/meshes/R_WRIST_P_S.STL,,装配体4^T170-V2.1-A0-1/镜向T170-前臂上电机输出端-V2.1-A0-2;装配体4^T170-V2.1-A0-1/镜向T170-手腕电机基座-V2.1-A0-2;装配体4^T170-V2.1-A0-1/镜向T170-手腕电机基座-电机输出盘-V2.1-A0-2;装配体4^T170-V2.1-A0-1/镜向T170-手腕拉杆-V2.1-A0-3;装配体4^T170-V2.1-A0-1/镜向T170-手腕拉杆-V2.1-A0-4;装配体4^T170-V2.1-A0-1/镜向RB2508-2;装配体4^T170-V2.1-A0-1/镜向CRA-RI40-52-PRO-XX-2E-EC-5;装配体4^T170-V2.1-A0-1/镜向T170-前臂下-V2.1-A0-2,zsr5,sr5,R_WRIST_P,revolute,0,-0.1281,-0.051,0,0,0,R_ELBOW_Y_S,0,-1,0,23,10.16,-3.14,3.14,,,,,,,,
R_WRIST_Y_S,-0.000914653603844578,-0.000224238772667085,-0.0393335509305386,0,0,0,0.390543046682366,0.000154936214471742,-6.06086141209112E-08,4.24918674621102E-06,0.000185894343991624,9.62085228516063E-10,0.000175779637075895,0,0,0,0,0,0,package://T170-V2.1-A0-URDF-A/meshes/R_WRIST_Y_S.STL,0.898039215686275,0.917647058823529,0.929411764705882,1,0,0,0,0,0,0,package://T170-V2.1-A0-URDF-A/meshes/R_WRIST_Y_S.STL,,装配体4^T170-V2.1-A0-1/镜向T170-手腕末端输出盘-V2.1-A0-2;装配体4^T170-V2.1-A0-1/镜向T170-手腕电机壳-V2.1-A0-2;装配体4^T170-V2.1-A0-1/镜向CRA-RI40-52-PRO-XX-2E-EC-4,zsr6,sr6,R_WRIST_Y,revolute,9.0984E-05,-0.14468,0.0425,0,0,0,R_WRIST_P_S,0,0,1,8.3,12.36,-0.69,0.69,,,,,,,,
R_WRIST_R_S,-0.0146810520648973,-0.119469874545603,-0.00392177212851452,0,0,0,0.553249635217753,0.000146138884592714,-6.69540463591134E-06,-4.52153359663006E-06,0.00014696613507879,2.31377801118374E-06,0.000237458848548233,0,0,0,0,0,0,package://T170-V2.1-A0-URDF-A/meshes/R_WRIST_R_S.STL,0.752941176470588,0.752941176470588,0.752941176470588,1,0,0,0,0,0,0,package://T170-V2.1-A0-URDF-A/meshes/R_WRIST_R_S.STL,,LH-01 五指手右手-A0-1;装配体4^T170-V2.1-A0-1/镜向T170-手腕输出-V2.1-A0-3,zsr7,sr7,R_WRIST_R,revolute,0.030909,-0.00022307,-0.0415,0,0,0,R_WRIST_Y_S,1,0,0,8.3,12.36,-0.348,2.35,,,,,,,,
NECK_Y_S,0.0212591119256409,4.14495140298564E-05,0.180318393174941,0,0,0,2.34724769148363,0.0081445035464899,4.75645344109321E-07,0.00131029604718429,0.00901767202239743,-2.49644446918356E-07,0.00766438308527034,0,0,0,0,0,0,package://T170-V2.1-A0-URDF-A/meshes/NECK_Y_S.STL,1,1,1,1,0,0,0,0,0,0,package://T170-V2.1-A0-URDF-A/meshes/NECK_Y_S.STL,,装配体4^T170-V2.1-A0-1/T170-头外壳-1;装配体4^T170-V2.1-A0-1/深度相机RealSenseD435-1,zn1,n1,NECK_Y,revolute,0.0005,-0.0465,0.365,0,0,0,WAIST_P_S,0,0,1,8.3,12.36,-3.14,3.14,,,,,,,,
